donor,acceptor,pair,1,2,3,donor_renamed,acceptor_renamed,pair_renamed,mean_pct,sd_pct,sem_pct,n
UNL445-Side,TYR87-Side,UNL445-Side → TYR87-Side,185.51,135.89,166.17,UNL445-Side,Tyr106-Side,UNL445-Side → Tyr106-Side,162.5233333333333,25.010192588889304,14.439641423679623,3
UNL445-Side,TYR409-Side,UNL445-Side → TYR409-Side,213.89,17.91,125.01,UNL445-Side,Tyr404-Side,UNL445-Side → Tyr404-Side,118.93666666666667,98.13105590654435,56.6559915435056,3
UNL445-Side,ASN387-Side,UNL445-Side → ASN387-Side,148.08,29.07,172.05,UNL445-Side,Asn382-Side,UNL445-Side → Asn382-Side,116.40000000000002,76.57373505321522,44.20986654582889,3
UNL445-Side,SER90-Side,UNL445-Side → SER90-Side,98.1,108.54,126.99,UNL445-Side,Ser109-Side,UNL445-Side → Ser109-Side,111.21,14.62889948013862,8.445999052806009,3
UNL445-Side,TRP383-Side,UNL445-Side → TRP383-Side,85.85,169.05,67.15,UNL445-Side,Trp378-Side,UNL445-Side → Trp378-Side,107.35000000000001,54.24564498648717,31.318737735313242,3
SER90-Side,UNL445-Side,SER90-Side → UNL445-Side,66.93,93.82,79.45,Ser109-Side,UNL445-Side,Ser109-Side → UNL445-Side,80.06666666666666,13.455602302882363,7.768595611677681,3
TYR87-Side,UNL445-Side,TYR87-Side → UNL445-Side,59.06,57.58,69.09,Tyr106-Side,UNL445-Side,Tyr106-Side → UNL445-Side,61.910000000000004,6.261940593777621,3.6153330874669547,3
ASN387-Side,UNL445-Side,ASN387-Side → UNL445-Side,154.36,3.64,23.81,Asn382-Side,UNL445-Side,Asn382-Side → UNL445-Side,60.60333333333333,81.81956754550427,47.23854934737566,3
UNL445-Side,ASP86-Side,UNL445-Side → ASP86-Side,35.67,94.94,38.04,UNL445-Side,Asp105-Side,UNL445-Side → Asp105-Side,56.21666666666667,33.55632031873181,19.373750569033117,3
UNL445-Side,TYR413-Side,UNL445-Side → TYR413-Side,42.08,22.91,91.2,UNL445-Side,Tyr408-Side,UNL445-Side → Tyr408-Side,52.06333333333333,35.222595493991264,20.335774990013157,3
TRP383-Side,UNL445-Side,TRP383-Side → UNL445-Side,39.94,71.97,40.24,Trp378-Side,UNL445-Side,Trp378-Side → UNL445-Side,50.71666666666667,18.406537787789787,10.627019546629453,3
UNL445-Side,TYR386-Side,UNL445-Side → TYR386-Side,17.15,71.65,53.44,UNL445-Side,Tyr381-Side,UNL445-Side → Tyr381-Side,47.413333333333334,27.745324531050876,16.018770586755753,3
ALA177-Side,UNL445-Side,ALA177-Side → UNL445-Side,30.75,30.13,78.91,Ala196-Side,UNL445-Side,Ala196-Side → UNL445-Side,46.596666666666664,27.98588453726866,16.157657971101848,3
UNL445-Side,CYS412-Main,UNL445-Side → CYS412-Main,1.94,99.12,4.92,UNL445-Side,Cys407-Main,UNL445-Side → Cys407-Main,35.32666666666667,55.266736228343845,31.908265038666364,3
TYR409-Side,UNL445-Side,TYR409-Side → UNL445-Side,52.66,8.0,42.62,Tyr404-Side,UNL445-Side,Tyr404-Side → UNL445-Side,34.42666666666667,23.430256791877742,13.527465065972672,3
TYR386-Side,UNL445-Side,TYR386-Side → UNL445-Side,22.47,28.79,40.4,Tyr381-Side,UNL445-Side,Tyr381-Side → UNL445-Side,30.55333333333333,9.094131807563233,5.2504994471425706,3
UNL445-Side,CYS412-Side,UNL445-Side → CYS412-Side,36.47,10.06,41.58,UNL445-Side,Cys407-Side,UNL445-Side → Cys407-Side,29.37,16.91700623632917,9.767038104427224,3
UNL445-Side,ALA177-Main,UNL445-Side → ALA177-Main,26.25,22.65,39.06,UNL445-Side,Ala196-Main,UNL445-Side → Ala196-Main,29.320000000000004,8.625004347824992,4.979648581978452,3
UNL445-Side,TRP138-Side,UNL445-Side → TRP138-Side,32.81,23.97,28.29,UNL445-Side,Trp157-Side,UNL445-Side → Trp157-Side,28.356666666666666,4.420377057823614,2.5521058842541096,3
TRP138-Side,UNL445-Side,TRP138-Side → UNL445-Side,29.49,22.89,25.01,Trp157-Side,UNL445-Side,Trp157-Side → UNL445-Side,25.796666666666667,3.369589490328655,1.945433399299783,3
UNL445-Side,GLN91-Side,UNL445-Side → GLN91-Side,32.99,22.31,21.49,UNL445-Side,Gln110-Side,UNL445-Side → Gln110-Side,25.596666666666664,6.415928096022691,3.7042378133399843,3
CYS412-Side,UNL445-Side,CYS412-Side → UNL445-Side,26.35,7.66,30.61,Cys407-Side,UNL445-Side,Cys407-Side → UNL445-Side,21.540000000000003,12.207690199214593,7.048113222700102,3
LEU164-Side,UNL445-Side,LEU164-Side → UNL445-Side,14.83,43.1,6.66,Leu183-Side,UNL445-Side,Leu183-Side → UNL445-Side,21.53,19.12160819596511,11.03986563927901,3
TYR413-Side,UNL445-Side,TYR413-Side → UNL445-Side,16.47,10.4,31.43,Tyr408-Side,UNL445-Side,Tyr408-Side → UNL445-Side,19.433333333333334,10.823642332104907,6.249032814052997,3
UNL445-Side,GLN91-Main,UNL445-Side → GLN91-Main,30.55,7.68,18.67,UNL445-Side,Gln110-Main,UNL445-Side → Gln110-Main,18.96666666666667,11.437885876915075,6.603666489997138,3
GLN91-Main,UNL445-Side,GLN91-Main → UNL445-Side,29.23,6.64,17.83,Gln110-Main,UNL445-Side,Gln110-Main → UNL445-Side,17.9,11.295162681431375,6.52126521466502,3
UNL445-Side,ALA177-Side,UNL445-Side → ALA177-Side,11.6,14.55,26.73,UNL445-Side,Ala196-Side,UNL445-Side → Ala196-Side,17.626666666666665,8.02051328365793,4.630645503358876,3
THR170-Side,UNL445-Side,THR170-Side → UNL445-Side,23.09,19.09,8.88,Thr189-Side,UNL445-Side,Thr189-Side → UNL445-Side,17.02,7.327666750064442,4.230630370681576,3
UNL445-Side,TYR87-Main,UNL445-Side → TYR87-Main,20.71,2.22,15.31,UNL445-Side,Tyr106-Main,UNL445-Side → Tyr106-Main,12.746666666666668,9.507788035780631,5.4893239818558515,3
THR173-Side,UNL445-Side,THR173-Side → UNL445-Side,7.42,2.7,24.79,Thr192-Side,UNL445-Side,Thr192-Side → UNL445-Side,11.636666666666665,11.63302339606232,6.716329189205796,3
ALA174-Main,UNL445-Side,ALA174-Main → UNL445-Side,4.62,17.95,12.12,Ala193-Main,UNL445-Side,Ala193-Main → UNL445-Side,11.563333333333333,6.682412239104478,3.8580925050830204,3
UNL445-Side,ASP86-Main,UNL445-Side → ASP86-Main,9.32,12.16,8.74,UNL445-Side,Asp105-Main,UNL445-Side → Asp105-Main,10.073333333333332,1.8302276725405866,1.05668243941961,3
ALA174-Side,UNL445-Side,ALA174-Side → UNL445-Side,3.04,16.35,7.14,Ala193-Side,UNL445-Side,Ala193-Side → UNL445-Side,8.843333333333334,6.816526485926197,3.935523401587704,3
VAL390-Side,UNL445-Side,VAL390-Side → UNL445-Side,8.64,,8.92,Val385-Side,UNL445-Side,Val385-Side → UNL445-Side,8.780000000000001,0.19798989873223286,0.13999999999999968,2
UNL445-Side,TYR409-Main,UNL445-Side → TYR409-Main,11.44,1.5,12.48,UNL445-Side,Tyr404-Main,UNL445-Side → Tyr404-Main,8.473333333333334,6.0614299742992435,3.4995682273357347,3
UNL445-Side,SER90-Main,UNL445-Side → SER90-Main,7.98,7.34,6.28,UNL445-Side,Ser109-Main,UNL445-Side → Ser109-Main,7.2,0.8586035173466273,0.49571497186723484,3
UNL445-Side,ALA174-Main,UNL445-Side → ALA174-Main,1.6,18.35,1.4,UNL445-Side,Ala193-Main,UNL445-Side → Ala193-Main,7.116666666666667,9.728865983933243,5.616963394733651,3
TYR160-Side,UNL445-Side,TYR160-Side → UNL445-Side,1.92,4.9,12.93,TYR160-Side,UNL445-Side,TYR160-Side → UNL445-Side,6.583333333333333,5.694754896686365,3.287868272570812,3
UNL445-Side,ALA174-Side,UNL445-Side → ALA174-Side,1.2,10.12,3.08,UNL445-Side,Ala193-Side,UNL445-Side → Ala193-Side,4.8,4.7021697119521315,2.714798948970868,3
UNL445-Side,PHE178-Side,UNL445-Side → PHE178-Side,8.98,1.58,1.06,UNL445-Side,Phe197-Side,UNL445-Side → Phe197-Side,3.8733333333333335,4.4301392002208395,2.5577420597950153,3
UNL445-Side,THR173-Side,UNL445-Side → THR173-Side,1.8,2.06,5.78,UNL445-Side,Thr192-Side,UNL445-Side → Thr192-Side,3.2133333333333334,2.2265968052912797,1.2855262649116812,3
ILE161-Side,UNL445-Side,ILE161-Side → UNL445-Side,0.06,8.64,0.22,Ile180-Side,UNL445-Side,Ile180-Side → UNL445-Side,2.973333333333334,4.908129310983293,2.833709778913697,3
UNL445-Side,CYS159-Main,UNL445-Side → CYS159-Main,,2.28,2.62,UNL445-Side,CYS159-Main,UNL445-Side → CYS159-Main,2.45,0.24041630560342636,0.17000000000000012,2
UNL445-Side,CYS159-Side,UNL445-Side → CYS159-Side,,0.74,3.96,UNL445-Side,CYS159-Side,UNL445-Side → CYS159-Side,2.35,2.276883835420683,1.6099999999999999,2
PHE178-Side,UNL445-Side,PHE178-Side → UNL445-Side,3.56,1.4,0.54,Phe197-Side,UNL445-Side,Phe197-Side → UNL445-Side,1.8333333333333333,1.5559348743868857,0.898319418568795,3
CYS159-Side,UNL445-Side,CYS159-Side → UNL445-Side,,0.38,2.76,CYS159-Side,UNL445-Side,CYS159-Side → UNL445-Side,1.5699999999999998,1.682914139223983,1.19,2
LEU83-Side,UNL445-Side,LEU83-Side → UNL445-Side,,,1.34,LEU83-Side,UNL445-Side,LEU83-Side → UNL445-Side,1.34,0.0,0.0,1
UNL445-Side,LEU83-Side,UNL445-Side → LEU83-Side,,,1.26,UNL445-Side,LEU83-Side,UNL445-Side → LEU83-Side,1.26,0.0,0.0,1
UNL445-Side,TYR160-Side,UNL445-Side → TYR160-Side,0.22,1.56,1.9,UNL445-Side,TYR160-Side,UNL445-Side → TYR160-Side,1.2266666666666666,0.8882191921667384,0.5128135896968584,3
GLN91-Side,UNL445-Side,GLN91-Side → UNL445-Side,0.96,1.7,0.6,Gln110-Side,UNL445-Side,Gln110-Side → UNL445-Side,1.0866666666666667,0.5608327142146161,0.3237969185221571,3
ILE161-Main,UNL445-Side,ILE161-Main → UNL445-Side,,1.08,0.46,Ile180-Main,UNL445-Side,Ile180-Main → UNL445-Side,0.77,0.4384062043356595,0.31,2
THR170-Main,UNL445-Side,THR170-Main → UNL445-Side,0.16,2.0,0.14,Thr189-Main,UNL445-Side,Thr189-Main → UNL445-Side,0.7666666666666667,1.0681448091590078,0.6166936931014546,3
ASP86-Side,UNL445-Side,ASP86-Side → UNL445-Side,,0.76,0.6,Asp105-Side,UNL445-Side,Asp105-Side → UNL445-Side,0.6799999999999999,0.11313708498984763,0.08000000000000002,2
UNL445-Side,TYR413-Main,UNL445-Side → TYR413-Main,0.74,0.36,0.74,UNL445-Side,Tyr408-Main,UNL445-Side → Tyr408-Main,0.6133333333333334,0.2193931022920578,0.12666666666666668,3
UNL445-Side,THR170-Main,UNL445-Side → THR170-Main,0.08,1.36,0.34,UNL445-Side,Thr189-Main,UNL445-Side → Thr189-Main,0.5933333333333334,0.6765599258996452,0.39061205534107346,3
PHE163-Side,UNL445-Side,PHE163-Side → UNL445-Side,0.5,,,PHE163-Side,UNL445-Side,PHE163-Side → UNL445-Side,0.5,0.0,0.0,1
ASN415-Side,UNL445-Side,ASN415-Side → UNL445-Side,,,0.48,ASN415-Side,UNL445-Side,ASN415-Side → UNL445-Side,0.48,0.0,0.0,1
UNL445-Side,ASN415-Side,UNL445-Side → ASN415-Side,,,0.34,UNL445-Side,ASN415-Side,UNL445-Side → ASN415-Side,0.34,0.0,0.0,1
UNL445-Side,VAL390-Side,UNL445-Side → VAL390-Side,0.4,,0.28,UNL445-Side,Val385-Side,UNL445-Side → Val385-Side,0.34,0.08485281374238571,0.06,2
TYR87-Main,UNL445-Side,TYR87-Main → UNL445-Side,0.66,0.04,0.12,Tyr106-Main,UNL445-Side,Tyr106-Main → UNL445-Side,0.2733333333333334,0.33724372986511303,0.19470775822013645,3
UNL445-Side,THR170-Side,UNL445-Side → THR170-Side,0.04,0.74,0.02,UNL445-Side,Thr189-Side,UNL445-Side → Thr189-Side,0.26666666666666666,0.41004064839151416,0.23673707872752942,3
LEU391-Side,UNL445-Side,LEU391-Side → UNL445-Side,0.26,,,LEU391-Side,UNL445-Side,LEU391-Side → UNL445-Side,0.26,0.0,0.0,1
TYR413-Main,UNL445-Side,TYR413-Main → UNL445-Side,0.38,0.04,0.32,Tyr408-Main,UNL445-Side,Tyr408-Main → UNL445-Side,0.24666666666666667,0.1814754345175493,0.1047748909700114,3
UNL445-Side,THR173-Main,UNL445-Side → THR173-Main,0.08,0.34,0.18,UNL445-Side,Thr192-Main,UNL445-Side → Thr192-Main,0.20000000000000004,0.13114877048604004,0.07571877794400367,3
VAL94-Side,UNL445-Side,VAL94-Side → UNL445-Side,0.08,,0.18,Val113-Side,UNL445-Side,Val113-Side → UNL445-Side,0.13,0.07071067811865475,0.049999999999999996,2
UNL445-Side,TRP383-Main,UNL445-Side → TRP383-Main,0.12,,,UNL445-Side,Trp378-Main,UNL445-Side → Trp378-Main,0.12,0.0,0.0,1
TYR409-Main,UNL445-Side,TYR409-Main → UNL445-Side,0.12,,0.1,Tyr404-Main,UNL445-Side,Tyr404-Main → UNL445-Side,0.11,0.014142135623730944,0.009999999999999995,2
ASN387-Main,UNL445-Side,ASN387-Main → UNL445-Side,0.08,,,Asn382-Main,UNL445-Side,Asn382-Main → UNL445-Side,0.08,0.0,0.0,1
UNL445-Side,ASN387-Main,UNL445-Side → ASN387-Main,0.08,,,UNL445-Side,Asn382-Main,UNL445-Side → Asn382-Main,0.08,0.0,0.0,1
UNL445-Side,LEU164-Side,UNL445-Side → LEU164-Side,0.08,,0.04,UNL445-Side,Leu183-Side,UNL445-Side → Leu183-Side,0.06,0.0282842712474619,0.02,2
UNL445-Side,ILE55-Side,UNL445-Side → ILE55-Side,0.04,,0.08,UNL445-Side,Ile74-Side,UNL445-Side → Ile74-Side,0.06,0.0282842712474619,0.02,2
ILE55-Side,UNL445-Side,ILE55-Side → UNL445-Side,0.04,,0.08,Ile74-Side,UNL445-Side,Ile74-Side → UNL445-Side,0.06,0.0282842712474619,0.02,2
UNL445-Side,VAL94-Side,UNL445-Side → VAL94-Side,0.04,,0.08,UNL445-Side,Val113-Side,UNL445-Side → Val113-Side,0.06,0.0282842712474619,0.02,2
ALA177-Main,UNL445-Side,ALA177-Main → UNL445-Side,,,0.04,Ala196-Main,UNL445-Side,Ala196-Main → UNL445-Side,0.04,0.0,0.0,1
UNL445-Side,PHE178-Main,UNL445-Side → PHE178-Main,,0.02,0.02,UNL445-Side,Phe197-Main,UNL445-Side → Phe197-Main,0.02,0.0,0.0,2
UNL445-Side,ILE161-Side,UNL445-Side → ILE161-Side,,0.02,,UNL445-Side,Ile180-Side,UNL445-Side → Ile180-Side,0.02,0.0,0.0,1
PHE178-Main,UNL445-Side,PHE178-Main → UNL445-Side,,0.02,0.02,Phe197-Main,UNL445-Side,Phe197-Main → UNL445-Side,0.02,0.0,0.0,2
TYR160-Main,UNL445-Side,TYR160-Main → UNL445-Side,,0.02,,TYR160-Main,UNL445-Side,TYR160-Main → UNL445-Side,0.02,0.0,0.0,1
